DateTime,Activity,Value
2025-01-19 12:40:00-05:00,Cat Detected,
2025-01-19 19:45:00-05:00,Cat Detected,
2025-01-19 19:46:00-05:00,Weight Recorded,9.1
2025-01-19 19:53:00-05:00,Clean Cycle In Progress,
2025-01-19 19:55:00-05:00,Clean Cycle Complete,
2025-01-19 20:29:00-05:00,Cat Detected,
2025-01-20 01:30:00-05:00,Cat Detected,
2025-01-20 01:37:00-05:00,Weight Recorded,9.1
2025-01-20 01:43:00-05:00,Weight Recorded,8.9
2025-01-20 01:50:00-05:00,Clean Cycle In Progress,
2025-01-20 01:52:00-05:00,Clean Cycle Complete,
2025-01-20 02:52:00-05:00,Cat Detected,
2025-01-20 03:02:00-05:00,Clean Cycle In Progress,
2025-01-20 03:04:00-05:00,Clean Cycle Complete,
2025-01-20 03:44:00-05:00,Cat Detected,
2025-01-20 03:45:00-05:00,Weight Recorded,8.9
2025-01-20 03:52:00-05:00,Clean Cycle In Progress,
2025-01-20 03:54:00-05:00,Clean Cycle Complete,
2025-01-20 19:20:00-05:00,Cat Detected,
2025-01-20 19:27:00-05:00,Clean Cycle In Progress,
2025-01-20 19:29:00-05:00,Clean Cycle Complete,
2025-01-20 23:10:00-05:00,Cat Detected,
2025-01-20 23:13:00-05:00,Weight Recorded,8.9
2025-01-20 23:20:00-05:00,Clean Cycle In Progress,
2025-01-20 23:22:00-05:00,Clean Cycle Complete,
2025-01-21 01:00:00-05:00,Weight Recorded,8.8
2025-01-21 01:00:00-05:00,Cat Detected,
2025-01-21 01:07:00-05:00,Weight Recorded,8.8
2025-01-21 01:13:00-05:00,Weight Recorded,8.6
2025-01-21 01:20:00-05:00,Clean Cycle In Progress,
2025-01-21 01:23:00-05:00,Clean Cycle Complete,
2025-01-21 01:51:00-05:00,Cat Detected,
2025-01-21 01:52:00-05:00,Weight Recorded,8.7
2025-01-21 01:54:00-05:00,Weight Recorded,8.7
2025-01-21 02:01:00-05:00,Clean Cycle In Progress,
2025-01-21 02:04:00-05:00,Clean Cycle Complete,
2025-01-21 02:14:00-05:00,Cat Detected,
2025-01-21 02:21:00-05:00,Clean Cycle In Progress,
2025-01-21 02:23:00-05:00,Clean Cycle Complete,
2025-01-21 02:47:00-05:00,Cat Detected,
2025-01-21 02:54:00-05:00,Clean Cycle In Progress,
2025-01-21 02:56:00-05:00,Clean Cycle Complete,
2025-01-21 18:42:00-05:00,Cat Detected,
2025-01-21 18:44:00-05:00,Weight Recorded,8.9
2025-01-21 18:51:00-05:00,Clean Cycle In Progress,
2025-01-21 18:53:00-05:00,Clean Cycle Complete,
2025-01-21 23:29:00-05:00,Cat Detected,
2025-01-21 23:36:00-05:00,Clean Cycle In Progress,
2025-01-21 23:39:00-05:00,Clean Cycle Complete,
2025-01-22 00:19:00-05:00,Cat Detected,
2025-01-22 00:20:00-05:00,Weight Recorded,8.8
2025-01-22 00:27:00-05:00,Clean Cycle In Progress,
2025-01-22 00:28:00-05:00,Cycle Interrupted,
2025-01-22 00:32:00-05:00,Clean Cycle Complete,
2025-01-22 01:06:00-05:00,Cat Detected,
2025-01-22 01:07:00-05:00,Weight Recorded,8.7
2025-01-22 01:14:00-05:00,Clean Cycle In Progress,
2025-01-22 01:16:00-05:00,Clean Cycle Complete,
2025-01-22 01:22:00-05:00,Cat Detected,
2025-01-22 01:26:00-05:00,Weight Recorded,8.5
2025-01-22 01:29:00-05:00,Weight Recorded,8.5
2025-01-22 01:34:00-05:00,Weight Recorded,8.5
2025-01-22 01:45:00-05:00,Cycle Interrupted,
2025-01-22 01:45:00-05:00,Clean Cycle In Progress,
2025-01-22 01:48:00-05:00,Clean Cycle Complete,
2025-01-22 04:35:00-05:00,Cat Detected,
2025-01-22 04:35:00-05:00,Weight Recorded,8.5
2025-01-22 04:42:00-05:00,Clean Cycle In Progress,
2025-01-22 04:44:00-05:00,Clean Cycle Complete,
2025-01-22 05:27:00-05:00,Cat Detected,
2025-01-22 05:32:00-05:00,Weight Recorded,8.7
2025-01-22 05:39:00-05:00,Clean Cycle In Progress,
2025-01-22 05:41:00-05:00,Clean Cycle Complete,
2025-01-22 22:46:00-05:00,Cat Detected,
2025-01-22 22:48:00-05:00,Weight Recorded,8.8
2025-01-22 22:55:00-05:00,Clean Cycle In Progress,
2025-01-22 22:57:00-05:00,Clean Cycle Complete,
2025-01-22 22:58:00-05:00,Cat Detected,
2025-01-22 23:06:00-05:00,Clean Cycle In Progress,
2025-01-22 23:08:00-05:00,Clean Cycle Complete,
2025-01-22 23:56:00-05:00,Cat Detected,
2025-01-22 23:57:00-05:00,Weight Recorded,8.7
2025-01-23 00:00:00-05:00,Weight Recorded,8.6
2025-01-23 00:07:00-05:00,Cycle Interrupted,
2025-01-23 00:07:00-05:00,Clean Cycle In Progress,
2025-01-23 00:09:00-05:00,Cycle Interrupted,
2025-01-23 00:10:00-05:00,Cycle Interrupted,
2025-01-23 00:14:00-05:00,Clean Cycle Complete,
2025-01-23 00:27:00-05:00,Cat Detected,
2025-01-23 00:34:00-05:00,Clean Cycle In Progress,
2025-01-23 00:34:00-05:00,Cycle Interrupted,
2025-01-23 00:35:00-05:00,Cycle Interrupted,
2025-01-23 00:38:00-05:00,Cycle Interrupted,
2025-01-23 00:40:00-05:00,Cycle Interrupted,
2025-01-23 00:41:00-05:00,Cycle Interrupted,
2025-01-23 00:43:00-05:00,Clean Cycle Complete,
2025-01-23 00:46:00-05:00,Cat Detected,
2025-01-23 00:53:00-05:00,Cycle Interrupted,
2025-01-23 00:53:00-05:00,Clean Cycle In Progress,
2025-01-23 00:55:00-05:00,Cycle Interrupted,
2025-01-23 00:56:00-05:00,Clean Cycle Complete,
2025-01-23 01:46:00-05:00,Cat Detected,
2025-01-23 01:52:00-05:00,Weight Recorded,8.7
2025-01-23 01:59:00-05:00,Clean Cycle In Progress,
2025-01-23 01:59:00-05:00,Cycle Interrupted,
2025-01-23 02:01:00-05:00,Cycle Interrupted,
2025-01-23 02:03:00-05:00,Cycle Interrupted,
2025-01-23 02:03:00-05:00,Clean Cycle Complete,
2025-01-23 06:13:00-05:00,Cat Detected,
2025-01-23 06:14:00-05:00,Weight Recorded,8.7
2025-01-23 06:21:00-05:00,Clean Cycle In Progress,
2025-01-23 06:22:00-05:00,Cycle Interrupted,
2025-01-23 06:30:00-05:00,Cycle Interrupted,
2025-01-23 06:32:00-05:00,Clean Cycle Complete,
2025-01-23 10:48:00-05:00,Cat Detected,
2025-01-23 10:56:00-05:00,Cat Detected,
2025-01-23 10:57:00-05:00,Weight Recorded,8.8
2025-01-23 11:04:00-05:00,Clean Cycle In Progress,
2025-01-23 11:06:00-05:00,Clean Cycle Complete,
2025-01-23 13:16:00-05:00,Cat Detected,
2025-01-23 13:16:00-05:00,Weight Recorded,8.7
2025-01-23 13:23:00-05:00,Clean Cycle In Progress,
2025-01-23 13:25:00-05:00,Cycle Interrupted,
2025-01-23 13:26:00-05:00,Clean Cycle Complete,
2025-01-23 17:53:00-05:00,Cat Detected,
2025-01-23 17:53:00-05:00,Weight Recorded,8.7
2025-01-23 18:01:00-05:00,Cat Detected,
2025-01-23 22:03:00-05:00,Cat Detected,
2025-01-23 22:04:00-05:00,Weight Recorded,8.8
2025-01-23 22:11:00-05:00,Clean Cycle In Progress,
2025-01-23 22:11:00-05:00,Cycle Interrupted,
2025-01-23 22:13:00-05:00,Cycle Interrupted,
2025-01-23 22:19:00-05:00,Cycle Interrupted,
2025-01-23 22:20:00-05:00,Cycle Interrupted,
2025-01-23 22:22:00-05:00,Cycle Interrupted,
2025-01-23 22:23:00-05:00,Cycle Interrupted,
2025-01-23 22:25:00-05:00,Cycle Interrupted,
2025-01-23 22:26:00-05:00,Cycle Interrupted,
2025-01-23 22:27:00-05:00,Clean Cycle Complete,
2025-01-24 01:21:00-05:00,Cat Detected,
2025-01-24 01:28:00-05:00,Clean Cycle In Progress,
2025-01-24 01:30:00-05:00,Clean Cycle Complete,
2025-01-24 03:27:00-05:00,Cat Detected,
2025-01-24 03:29:00-05:00,Weight Recorded,8.8
2025-01-24 03:36:00-05:00,Clean Cycle In Progress,
2025-01-24 03:39:00-05:00,Clean Cycle Complete,
2025-01-24 03:43:00-05:00,Cat Detected,
2025-01-24 03:50:00-05:00,Clean Cycle In Progress,
2025-01-24 03:52:00-05:00,Clean Cycle Complete,
2025-01-24 05:38:00-05:00,Cat Detected,
2025-01-24 05:39:00-05:00,Weight Recorded,8.7
2025-01-24 05:46:00-05:00,Clean Cycle In Progress,
2025-01-24 05:47:00-05:00,Cycle Interrupted,
2025-01-24 05:48:00-05:00,Cycle Interrupted,
2025-01-24 05:50:00-05:00,Cycle Interrupted,
2025-01-24 05:51:00-05:00,Cycle Interrupted,
2025-01-24 05:53:00-05:00,Cycle Interrupted,
2025-01-24 05:54:00-05:00,Clean Cycle Complete,
2025-01-24 20:29:00-05:00,Cat Detected,
2025-01-24 20:30:00-05:00,Weight Recorded,8.8
2025-01-24 20:37:00-05:00,Clean Cycle In Progress,
2025-01-24 20:39:00-05:00,Clean Cycle Complete,
2025-01-25 02:20:00-05:00,Cat Detected,
2025-01-25 02:21:00-05:00,Weight Recorded,8.7
2025-01-25 02:28:00-05:00,Clean Cycle In Progress,
2025-01-25 02:28:00-05:00,Cycle Interrupted,
2025-01-25 02:32:00-05:00,Cycle Interrupted,
2025-01-25 02:34:00-05:00,Cycle Interrupted,
2025-01-25 02:35:00-05:00,Cycle Interrupted,
2025-01-25 02:36:00-05:00,Cycle Interrupted,
2025-01-25 02:36:00-05:00,Clean Cycle Complete,
2025-01-25 04:18:00-05:00,Cat Detected,
2025-01-25 04:19:00-05:00,Weight Recorded,8.7
2025-01-25 04:26:00-05:00,Cycle Interrupted,
2025-01-25 04:26:00-05:00,Clean Cycle In Progress,
2025-01-25 04:27:00-05:00,Cycle Interrupted,
2025-01-25 04:29:00-05:00,Cycle Interrupted,
2025-01-25 04:30:00-05:00,Clean Cycle Complete,
2025-01-25 06:15:00-05:00,Cat Detected,
2025-01-25 06:22:00-05:00,Clean Cycle In Progress,
2025-01-25 06:22:00-05:00,Cycle Interrupted,
2025-01-25 06:24:00-05:00,Cycle Interrupted,
2025-01-25 06:25:00-05:00,Cycle Interrupted,
2025-01-25 06:27:00-05:00,Clean Cycle Complete,
2025-01-25 17:11:00-05:00,Cat Detected,
2025-01-25 17:12:00-05:00,Weight Recorded,8.6
2025-01-25 19:07:00-05:00,Cat Detected,
2025-01-25 20:52:00-05:00,Cat Detected,
2025-01-25 20:59:00-05:00,Clean Cycle In Progress,
2025-01-25 20:59:00-05:00,Cycle Interrupted,
2025-01-25 21:00:00-05:00,Cycle Interrupted,
2025-01-25 21:02:00-05:00,Cycle Interrupted,
2025-01-25 21:04:00-05:00,Cycle Interrupted,
2025-01-25 21:06:00-05:00,Clean Cycle Complete,
2025-01-25 21:09:00-05:00,Cat Detected,
2025-01-25 21:09:00-05:00,Weight Recorded,8.6
2025-01-25 21:10:00-05:00,Weight Recorded,8.5
2025-01-25 21:17:00-05:00,Clean Cycle In Progress,
2025-01-25 21:17:00-05:00,Cycle Interrupted,
2025-01-25 21:18:00-05:00,Cycle Interrupted,
2025-01-25 21:19:00-05:00,Cycle Interrupted,
2025-01-25 21:20:00-05:00,Clean Cycle Complete,
2025-01-26 00:28:00-05:00,Cat Detected,
2025-01-26 00:32:00-05:00,Weight Recorded,8.6
2025-01-26 00:39:00-05:00,Clean Cycle In Progress,
2025-01-26 00:41:00-05:00,Cycle Interrupted,
2025-01-26 00:42:00-05:00,Clean Cycle Complete,
2025-01-26 03:18:00-05:00,Cat Detected,
2025-01-26 03:20:00-05:00,Weight Recorded,8.8
2025-01-26 03:27:00-05:00,Clean Cycle In Progress,
2025-01-26 03:29:00-05:00,Clean Cycle Complete,
2025-01-26 04:23:00-05:00,Cat Detected,
2025-01-26 04:24:00-05:00,Weight Recorded,8.7
2025-01-26 04:31:00-05:00,Clean Cycle In Progress,
2025-01-26 04:33:00-05:00,Clean Cycle Complete,
2025-01-26 06:48:00-05:00,Cat Detected,
2025-01-26 06:55:00-05:00,Clean Cycle In Progress,
2025-01-26 06:58:00-05:00,Clean Cycle Complete,
2025-01-26 07:35:00-05:00,Cat Detected,
2025-01-26 07:43:00-05:00,Clean Cycle In Progress,
2025-01-26 07:45:00-05:00,Clean Cycle Complete,
2025-01-27 17:36:00-05:00,Cat Detected,
2025-01-27 17:38:00-05:00,Weight Recorded,8.7
2025-01-27 23:40:00-05:00,Cat Detected,
2025-01-27 23:41:00-05:00,Weight Recorded,8.8
2025-01-27 23:46:00-05:00,Weight Recorded,8.4
2025-01-27 23:52:00-05:00,Weight Recorded,7.5
2025-01-28 00:00:00-05:00,Cycle Interrupted,
2025-01-28 00:00:00-05:00,Clean Cycle In Progress,
2025-01-28 00:02:00-05:00,Cycle Interrupted,
2025-01-28 00:05:00-05:00,Cycle Interrupted,
2025-01-28 00:07:00-05:00,Cycle Interrupted,
2025-01-28 00:08:00-05:00,Cycle Interrupted,
2025-01-28 00:10:00-05:00,Cycle Interrupted,
2025-01-28 00:13:00-05:00,Clean Cycle Complete,
2025-01-28 00:19:00-05:00,Cat Detected,
2025-01-28 00:20:00-05:00,Weight Recorded,8.6
2025-01-28 00:25:00-05:00,Weight Recorded,8.2
2025-01-28 00:34:00-05:00,Weight Recorded,7.7
2025-01-28 00:46:00-05:00,Clean Cycle In Progress,
2025-01-28 00:47:00-05:00,Cycle Interrupted,
2025-01-28 00:49:00-05:00,Clean Cycle Complete,
2025-01-28 01:36:00-05:00,Cat Detected,
2025-01-28 01:43:00-05:00,Clean Cycle In Progress,
2025-01-28 01:43:00-05:00,Cycle Interrupted,
2025-01-28 01:44:00-05:00,Cycle Interrupted,
2025-01-28 01:47:00-05:00,Cycle Interrupted,
2025-01-28 01:48:00-05:00,Clean Cycle Complete,
2025-01-28 01:48:00-05:00,Cycle Interrupted,
2025-01-28 05:19:00-05:00,Cat Detected,
2025-01-28 05:26:00-05:00,Clean Cycle In Progress,
2025-01-28 05:28:00-05:00,Clean Cycle Complete,
2025-01-28 06:32:00-05:00,Cat Detected,
2025-01-28 06:33:00-05:00,Weight Recorded,8.7
2025-01-28 06:40:00-05:00,Clean Cycle In Progress,
2025-01-28 06:41:00-05:00,Cycle Interrupted,
2025-01-28 06:42:00-05:00,Cycle Interrupted,
2025-01-28 06:43:00-05:00,Cycle Interrupted,
2025-01-28 06:44:00-05:00,Cycle Interrupted,
2025-01-28 06:46:00-05:00,Clean Cycle Complete,
2025-01-28 07:24:00-05:00,Cat Detected,
2025-01-28 07:31:00-05:00,Clean Cycle In Progress,
2025-01-28 07:33:00-05:00,Cycle Interrupted,
2025-01-28 07:34:00-05:00,Clean Cycle Complete,
2025-01-28 20:03:00-05:00,Cat Detected,
2025-01-28 20:04:00-05:00,Weight Recorded,8.8
2025-01-28 20:06:00-05:00,Weight Recorded,8.6
2025-01-28 20:13:00-05:00,Clean Cycle In Progress,
2025-01-28 20:14:00-05:00,Cycle Interrupted,
2025-01-28 20:16:00-05:00,Clean Cycle Complete,
2025-01-29 00:01:00-05:00,Cat Detected,
2025-01-29 00:01:00-05:00,Weight Recorded,8.7
2025-01-29 00:08:00-05:00,Clean Cycle In Progress,
2025-01-29 00:09:00-05:00,Cycle Interrupted,
2025-01-29 00:12:00-05:00,Clean Cycle Complete,
2025-01-29 00:14:00-05:00,Cat Detected,
2025-01-29 00:16:00-05:00,Weight Recorded,8.8
2025-01-29 00:22:00-05:00,Clean Cycle In Progress,
2025-01-29 00:25:00-05:00,Clean Cycle Complete,
2025-01-29 04:08:00-05:00,Cat Detected,
2025-01-29 04:09:00-05:00,Weight Recorded,8.7
2025-01-29 04:16:00-05:00,Cycle Interrupted,
2025-01-29 04:16:00-05:00,Clean Cycle In Progress,
2025-01-29 04:19:00-05:00,Clean Cycle Complete,
2025-01-29 13:09:00-05:00,Cat Detected,
2025-01-29 18:56:00-05:00,Cat Detected,
2025-01-29 18:57:00-05:00,Weight Recorded,8.9
2025-01-29 19:04:00-05:00,Clean Cycle In Progress,
2025-01-29 19:07:00-05:00,Clean Cycle Complete,
2025-01-29 23:05:00-05:00,Weight Recorded,8.9
2025-01-29 23:06:00-05:00,Weight Recorded,8.7
2025-01-29 23:13:00-05:00,Clean Cycle In Progress,
2025-01-29 23:14:00-05:00,Cycle Interrupted,
2025-01-29 23:16:00-05:00,Clean Cycle Complete,
2025-01-30 03:11:00-05:00,Cat Detected,
2025-01-30 03:12:00-05:00,Weight Recorded,8.9
2025-01-30 03:19:00-05:00,Clean Cycle In Progress,
2025-01-30 03:19:00-05:00,Cycle Interrupted,
2025-01-30 03:22:00-05:00,Clean Cycle Complete,
2025-01-30 07:24:00-05:00,Cat Detected,
2025-01-30 07:25:00-05:00,Weight Recorded,8.8
2025-01-30 07:32:00-05:00,Clean Cycle In Progress,
2025-01-30 07:33:00-05:00,Cycle Interrupted,
2025-01-30 07:34:00-05:00,Cycle Interrupted,
2025-01-30 07:35:00-05:00,Cycle Interrupted,
2025-01-30 07:37:00-05:00,Clean Cycle Complete,
2025-01-30 18:16:00-05:00,Cat Detected,
2025-01-30 18:17:00-05:00,Weight Recorded,9.0
2025-01-30 18:26:00-05:00,Clean Cycle In Progress,
2025-01-30 18:29:00-05:00,Clean Cycle Complete,
2025-01-30 23:49:00-05:00,Cat Detected,
2025-01-30 23:50:00-05:00,Weight Recorded,8.9
2025-01-30 23:57:00-05:00,Clean Cycle In Progress,
2025-01-31 00:00:00-05:00,Clean Cycle Complete,
2025-01-31 02:50:00-05:00,Cat Detected,
2025-01-31 02:51:00-05:00,Weight Recorded,8.8
2025-01-31 02:58:00-05:00,Clean Cycle In Progress,
2025-01-31 02:59:00-05:00,Cycle Interrupted,
2025-01-31 03:00:00-05:00,Cycle Interrupted,
2025-01-31 03:03:00-05:00,Clean Cycle Complete,
2025-01-31 12:38:00-05:00,Cat Detected,
2025-01-31 12:40:00-05:00,Weight Recorded,8.9
2025-01-31 12:42:00-05:00,Weight Recorded,8.8
2025-01-31 12:49:00-05:00,Clean Cycle In Progress,
2025-01-31 12:51:00-05:00,Clean Cycle Complete,
2025-01-31 17:06:00-05:00,Cat Detected,
2025-01-31 17:15:00-05:00,Clean Cycle In Progress,
2025-01-31 17:17:00-05:00,Clean Cycle Complete,
2025-01-31 22:42:00-05:00,Cat Detected,
2025-01-31 22:44:00-05:00,Weight Recorded,9.0
2025-01-31 22:51:00-05:00,Clean Cycle In Progress,
2025-01-31 22:53:00-05:00,Clean Cycle Complete,
2025-01-31 23:24:00-05:00,Cat Detected,
2025-01-31 23:26:00-05:00,Weight Recorded,8.9
2025-01-31 23:33:00-05:00,Clean Cycle In Progress,
2025-01-31 23:35:00-05:00,Clean Cycle Complete,
2025-02-01 05:09:00-05:00,Cat Detected,
2025-02-01 05:10:00-05:00,Weight Recorded,8.8
2025-02-01 05:17:00-05:00,Clean Cycle In Progress,
2025-02-01 05:17:00-05:00,Cycle Interrupted,
2025-02-01 05:20:00-05:00,Clean Cycle Complete,
2025-02-01 05:20:00-05:00,Cycle Interrupted,
2025-02-01 10:20:00-05:00,Cat Detected,
2025-02-01 10:21:00-05:00,Weight Recorded,8.8
2025-02-01 10:30:00-05:00,Clean Cycle In Progress,
2025-02-01 10:33:00-05:00,Clean Cycle Complete,
2025-02-01 17:20:00-05:00,Cat Detected,
2025-02-01 17:21:00-05:00,Weight Recorded,8.9
2025-02-01 17:28:00-05:00,Clean Cycle In Progress,
2025-02-01 17:31:00-05:00,Clean Cycle Complete,
2025-02-01 23:15:00-05:00,Cat Detected,
2025-02-01 23:17:00-05:00,Weight Recorded,8.9
2025-02-01 23:24:00-05:00,Clean Cycle In Progress,
2025-02-01 23:25:00-05:00,Cycle Interrupted,
2025-02-01 23:27:00-05:00,Clean Cycle Complete,
2025-02-02 03:38:00-05:00,Cat Detected,
2025-02-02 03:39:00-05:00,Weight Recorded,8.9
2025-02-02 03:46:00-05:00,Clean Cycle In Progress,
2025-02-02 03:47:00-05:00,Cycle Interrupted,
2025-02-02 03:49:00-05:00,Cycle Interrupted,
2025-02-02 03:52:00-05:00,Clean Cycle Complete,
2025-02-02 08:12:00-05:00,Cat Detected,
2025-02-02 08:13:00-05:00,Weight Recorded,8.9
2025-02-02 08:20:00-05:00,Clean Cycle In Progress,
2025-02-02 08:20:00-05:00,Cycle Interrupted,
2025-02-02 08:21:00-05:00,Cycle Interrupted,
2025-02-02 08:25:00-05:00,Cycle Interrupted,
2025-02-02 08:26:00-05:00,Cycle Interrupted,
2025-02-02 08:29:00-05:00,Clean Cycle Complete,
2025-02-02 15:41:00-05:00,Cat Detected,
2025-02-02 15:48:00-05:00,Clean Cycle In Progress,
2025-02-02 15:50:00-05:00,Clean Cycle Complete,
2025-02-02 22:25:00-05:00,Cat Detected,
2025-02-02 22:27:00-05:00,Weight Recorded,9.0
2025-02-02 22:34:00-05:00,Clean Cycle In Progress,
2025-02-02 22:34:00-05:00,Cycle Interrupted,
2025-02-02 22:39:00-05:00,Cycle Interrupted,
2025-02-02 22:40:00-05:00,Cycle Interrupted,
2025-02-02 22:41:00-05:00,Clean Cycle Complete,
2025-02-03 05:58:00-05:00,Cat Detected,
2025-02-03 06:00:00-05:00,Weight Recorded,8.8
2025-02-03 06:07:00-05:00,Cycle Interrupted,
2025-02-03 06:07:00-05:00,Clean Cycle In Progress,
2025-02-03 06:08:00-05:00,Cycle Interrupted,
2025-02-03 06:10:00-05:00,Cycle Interrupted,
2025-02-03 06:11:00-05:00,Cycle Interrupted,
2025-02-03 06:13:00-05:00,Clean Cycle Complete,
2025-02-03 10:06:00-05:00,Cat Detected,
2025-02-03 10:14:00-05:00,Weight Recorded,8.9
2025-02-03 10:21:00-05:00,Clean Cycle In Progress,
2025-02-03 10:22:00-05:00,Cycle Interrupted,
2025-02-03 10:25:00-05:00,Cycle Interrupted,
2025-02-03 10:27:00-05:00,Cycle Interrupted,
2025-02-03 10:29:00-05:00,Clean Cycle Complete,
2025-02-03 18:03:00-05:00,Cat Detected,
2025-02-03 18:04:00-05:00,Weight Recorded,8.9
2025-02-03 18:11:00-05:00,Clean Cycle In Progress,
2025-02-03 18:13:00-05:00,Clean Cycle Complete,
2025-02-03 23:15:00-05:00,Cat Detected,
2025-02-03 23:16:00-05:00,Weight Recorded,9.0
2025-02-03 23:23:00-05:00,Clean Cycle In Progress,
2025-02-03 23:25:00-05:00,Clean Cycle Complete,
2025-02-03 23:37:00-05:00,Cat Detected,
2025-02-03 23:38:00-05:00,Weight Recorded,8.8
2025-02-03 23:45:00-05:00,Clean Cycle In Progress,
2025-02-03 23:46:00-05:00,Cycle Interrupted,
2025-02-03 23:49:00-05:00,Clean Cycle Complete,
2025-02-04 04:38:00-05:00,Cat Detected,
2025-02-04 04:47:00-05:00,Clean Cycle In Progress,
2025-02-04 04:47:00-05:00,Cycle Interrupted,
2025-02-04 04:51:00-05:00,Cycle Interrupted,
2025-02-04 04:53:00-05:00,Cycle Interrupted,
2025-02-04 04:54:00-05:00,Cycle Interrupted,
2025-02-04 04:55:00-05:00,Cycle Interrupted,
2025-02-04 04:58:00-05:00,Clean Cycle Complete,
2025-02-04 22:14:00-05:00,Cat Detected,
2025-02-04 22:16:00-05:00,Weight Recorded,8.9
2025-02-04 22:23:00-05:00,Clean Cycle In Progress,
2025-02-04 22:23:00-05:00,Cycle Interrupted,
2025-02-04 22:25:00-05:00,Clean Cycle Complete,
2025-02-04 23:42:00-05:00,Cat Detected,
2025-02-04 23:43:00-05:00,Weight Recorded,8.8
2025-02-04 23:50:00-05:00,Clean Cycle In Progress,
2025-02-04 23:51:00-05:00,Cycle Interrupted,
2025-02-04 23:53:00-05:00,Clean Cycle Complete,
2025-02-05 05:40:00-05:00,Cat Detected,
2025-02-05 05:41:00-05:00,Weight Recorded,8.8
2025-02-05 05:48:00-05:00,Clean Cycle In Progress,
2025-02-05 05:48:00-05:00,Cycle Interrupted,
2025-02-05 05:49:00-05:00,Cycle Interrupted,
2025-02-05 05:50:00-05:00,Cycle Interrupted,
2025-02-05 05:52:00-05:00,Clean Cycle Complete,
2025-02-05 14:06:00-05:00,Weight Recorded,8.8
2025-02-05 14:06:00-05:00,Cat Detected,
2025-02-05 14:13:00-05:00,Clean Cycle In Progress,
2025-02-05 14:15:00-05:00,Clean Cycle Complete,
2025-02-05 19:22:00-05:00,Cat Detected,
2025-02-05 19:29:00-05:00,Clean Cycle In Progress,
2025-02-05 19:31:00-05:00,Clean Cycle Complete,
2025-02-05 23:13:00-05:00,Cat Detected,
2025-02-05 23:14:00-05:00,Weight Recorded,8.8
2025-02-05 23:21:00-05:00,Weight Recorded,8.9
2025-02-05 23:28:00-05:00,Clean Cycle In Progress,
2025-02-05 23:29:00-05:00,Cycle Interrupted,
2025-02-05 23:30:00-05:00,Cycle Interrupted,
2025-02-05 23:31:00-05:00,Cycle Interrupted,
2025-02-05 23:33:00-05:00,Cycle Interrupted,
2025-02-05 23:36:00-05:00,Clean Cycle Complete,
2025-02-06 08:16:00-05:00,Cat Detected,
2025-02-06 08:17:00-05:00,Weight Recorded,8.8
2025-02-06 09:47:00-05:00,Weight Recorded,8.3
2025-02-06 09:47:00-05:00,Cat Detected,
2025-02-06 09:54:00-05:00,Clean Cycle In Progress,
2025-02-06 09:57:00-05:00,Clean Cycle Complete,
2025-02-06 12:34:00-05:00,Cat Detected,
2025-02-06 12:35:00-05:00,Weight Recorded,8.8
2025-02-06 12:42:00-05:00,Clean Cycle In Progress,
2025-02-06 12:44:00-05:00,Clean Cycle Complete,
2025-02-06 17:59:00-05:00,Cat Detected,
2025-02-06 18:00:00-05:00,Weight Recorded,8.9
2025-02-06 18:06:00-05:00,Clean Cycle In Progress,
2025-02-06 18:09:00-05:00,Clean Cycle Complete,
2025-02-06 19:24:00-05:00,Cat Detected,
2025-02-06 19:25:00-05:00,Weight Recorded,8.1
2025-02-06 19:26:00-05:00,Clean Cycle In Progress,
2025-02-06 19:28:00-05:00,Clean Cycle Complete,
2025-02-06 23:41:00-05:00,Cat Detected,
2025-02-06 23:42:00-05:00,Weight Recorded,8.9
2025-02-06 23:47:00-05:00,Clean Cycle In Progress,
2025-02-06 23:49:00-05:00,Cycle Interrupted,
2025-02-06 23:50:00-05:00,Cycle Interrupted,
2025-02-06 23:51:00-05:00,Clean Cycle Complete,
2025-02-07 00:15:00-05:00,Cat Detected,
2025-02-07 00:17:00-05:00,Weight Recorded,9.0
2025-02-07 00:24:00-05:00,Clean Cycle In Progress,
2025-02-07 00:24:00-05:00,Cycle Interrupted,
2025-02-07 00:25:00-05:00,Cycle Interrupted,
2025-02-07 00:28:00-05:00,Clean Cycle Complete,
2025-02-07 07:12:00-05:00,Cat Detected,
2025-02-07 07:13:00-05:00,Weight Recorded,8.4
2025-02-07 07:20:00-05:00,Clean Cycle In Progress,
2025-02-07 07:20:00-05:00,Cycle Interrupted,
2025-02-07 07:23:00-05:00,Clean Cycle Complete,
2025-02-07 12:35:00-05:00,Cat Detected,
2025-02-07 12:36:00-05:00,Weight Recorded,8.9
2025-02-07 12:43:00-05:00,Clean Cycle In Progress,
2025-02-07 12:45:00-05:00,Clean Cycle Complete,
2025-02-07 21:26:00-05:00,Cat Detected,
2025-02-07 21:28:00-05:00,Weight Recorded,8.8
2025-02-07 21:35:00-05:00,Clean Cycle In Progress,
2025-02-07 21:37:00-05:00,Clean Cycle Complete,
2025-02-07 22:24:00-05:00,Cat Detected,
2025-02-07 22:30:00-05:00,Weight Recorded,8.6
2025-02-08 06:13:00-05:00,Cat Detected,
2025-02-08 06:14:00-05:00,Weight Recorded,8.7
2025-02-08 06:16:00-05:00,Weight Recorded,8.7
2025-02-08 06:23:00-05:00,Clean Cycle In Progress,
2025-02-08 06:23:00-05:00,Cycle Interrupted,
2025-02-08 06:24:00-05:00,Cycle Interrupted,
2025-02-08 06:25:00-05:00,Cycle Interrupted,
2025-02-08 06:28:00-05:00,Cycle Interrupted,
2025-02-08 06:31:00-05:00,Cycle Interrupted,
2025-02-08 06:32:00-05:00,Clean Cycle Complete,
2025-02-08 13:07:00-05:00,Clean Cycle In Progress,
2025-02-08 13:09:00-05:00,Clean Cycle Complete,
2025-02-08 19:03:00-05:00,Cat Detected,
2025-02-08 19:03:00-05:00,Weight Recorded,8.9
2025-02-08 19:10:00-05:00,Clean Cycle In Progress,
2025-02-08 19:13:00-05:00,Clean Cycle Complete,
2025-02-08 23:02:00-05:00,Cat Detected,
2025-02-08 23:03:00-05:00,Weight Recorded,8.9
2025-02-08 23:10:00-05:00,Clean Cycle In Progress,
2025-02-08 23:11:00-05:00,Cycle Interrupted,
2025-02-08 23:13:00-05:00,Clean Cycle Complete,
2025-02-09 05:04:00-05:00,Cat Detected,
2025-02-09 05:08:00-05:00,Weight Recorded,8.8
2025-02-09 05:15:00-05:00,Clean Cycle In Progress,
2025-02-09 05:15:00-05:00,Cycle Interrupted,
2025-02-09 05:17:00-05:00,Cycle Interrupted,
2025-02-09 05:18:00-05:00,Cycle Interrupted,
2025-02-09 05:20:00-05:00,Clean Cycle Complete,
2025-02-09 06:47:00-05:00,Cat Detected,
2025-02-09 06:48:00-05:00,Weight Recorded,8.8
2025-02-09 06:55:00-05:00,Clean Cycle In Progress,
2025-02-09 06:56:00-05:00,Cycle Interrupted,
2025-02-09 06:57:00-05:00,Cycle Interrupted,
2025-02-09 06:58:00-05:00,Cycle Interrupted,
2025-02-09 07:00:00-05:00,Cycle Interrupted,
2025-02-09 07:02:00-05:00,Clean Cycle Complete,
2025-02-09 09:29:00-05:00,Cat Detected,
2025-02-09 09:36:00-05:00,Clean Cycle In Progress,
2025-02-09 09:38:00-05:00,Clean Cycle Complete,
2025-02-09 12:35:00-05:00,Cat Detected,
2025-02-09 12:36:00-05:00,Weight Recorded,8.9
2025-02-09 12:43:00-05:00,Clean Cycle In Progress,
2025-02-09 12:44:00-05:00,Cycle Interrupted,
2025-02-09 12:45:00-05:00,Cycle Interrupted,
2025-02-09 12:47:00-05:00,Cycle Interrupted,
2025-02-09 12:49:00-05:00,Clean Cycle Complete,
2025-02-09 22:32:00-05:00,Cat Detected,
2025-02-09 22:33:00-05:00,Weight Recorded,8.9
2025-02-09 22:40:00-05:00,Clean Cycle In Progress,
2025-02-09 22:40:00-05:00,Cycle Interrupted,
2025-02-09 22:41:00-05:00,Cycle Interrupted,
2025-02-09 22:43:00-05:00,Clean Cycle Complete,
2025-02-10 04:58:00-05:00,Cat Detected,
2025-02-10 05:01:00-05:00,Weight Recorded,8.8
2025-02-10 05:08:00-05:00,Clean Cycle In Progress,
2025-02-10 05:08:00-05:00,Cycle Interrupted,
2025-02-10 05:09:00-05:00,Cycle Interrupted,
2025-02-10 05:10:00-05:00,Cycle Interrupted,
2025-02-10 05:11:00-05:00,Cycle Interrupted,
2025-02-10 05:13:00-05:00,Cycle Interrupted,
2025-02-10 05:15:00-05:00,Cycle Interrupted,
2025-02-10 05:16:00-05:00,Cycle Interrupted,
2025-02-10 05:17:00-05:00,Cycle Interrupted,
2025-02-10 05:19:00-05:00,Clean Cycle Complete,
2025-02-10 06:19:00-05:00,Cat Detected,
2025-02-10 06:20:00-05:00,Weight Recorded,8.7
2025-02-10 06:27:00-05:00,Clean Cycle In Progress,
2025-02-10 06:27:00-05:00,Cycle Interrupted,
2025-02-10 06:28:00-05:00,Cycle Interrupted,
2025-02-10 06:30:00-05:00,Cycle Interrupted,
2025-02-10 06:32:00-05:00,Cycle Interrupted,
2025-02-10 06:33:00-05:00,Cycle Interrupted,
2025-02-10 06:34:00-05:00,Clean Cycle Complete,
2025-02-10 11:27:00-05:00,Cat Detected,
2025-02-10 11:28:00-05:00,Weight Recorded,8.8
2025-02-10 11:35:00-05:00,Clean Cycle In Progress,
2025-02-10 11:37:00-05:00,Clean Cycle Complete,
2025-02-10 22:43:00-05:00,Cat Detected,
2025-02-10 22:44:00-05:00,Weight Recorded,8.9
2025-02-10 22:53:00-05:00,Weight Recorded,8.8
2025-02-10 23:00:00-05:00,Clean Cycle In Progress,
2025-02-10 23:01:00-05:00,Cycle Interrupted,
2025-02-10 23:05:00-05:00,Clean Cycle Complete,
2025-02-11 01:37:00-05:00,Clean Cycle Complete,
2025-02-11 09:04:00-05:00,Cat Detected,
2025-02-11 09:05:00-05:00,Weight Recorded,8.9
2025-02-11 09:12:00-05:00,Clean Cycle In Progress,
2025-02-11 09:14:00-05:00,Clean Cycle Complete,
2025-02-11 17:55:00-05:00,Weight Recorded,8.7
2025-02-11 17:55:00-05:00,Cat Detected,
2025-02-11 18:17:00-05:00,Cat Detected,
2025-02-11 18:20:00-05:00,Weight Recorded,9.0
2025-02-11 18:27:00-05:00,Clean Cycle In Progress,
2025-02-11 18:29:00-05:00,Clean Cycle Complete,
2025-02-11 22:53:00-05:00,Cat Detected,
2025-02-11 22:54:00-05:00,Weight Recorded,8.5
2025-02-11 23:01:00-05:00,Clean Cycle In Progress,
2025-02-11 23:02:00-05:00,Cycle Interrupted,
2025-02-11 23:05:00-05:00,Clean Cycle Complete,
2025-02-12 05:42:00-05:00,Cat Detected,
2025-02-12 05:45:00-05:00,Weight Recorded,9.0
2025-02-12 05:52:00-05:00,Clean Cycle In Progress,
2025-02-12 05:53:00-05:00,Cycle Interrupted,
2025-02-12 05:54:00-05:00,Cycle Interrupted,
2025-02-12 05:55:00-05:00,Cycle Interrupted,
2025-02-12 05:57:00-05:00,Cycle Interrupted,
2025-02-12 05:59:00-05:00,Cycle Interrupted,
2025-02-12 06:00:00-05:00,Clean Cycle Complete,
2025-02-12 08:20:00-05:00,Cat Detected,
2025-02-12 08:21:00-05:00,Weight Recorded,8.4
2025-02-12 08:28:00-05:00,Clean Cycle In Progress,
2025-02-12 08:30:00-05:00,Clean Cycle Complete,
2025-02-12 12:47:00-05:00,Cat Detected,
2025-02-12 12:48:00-05:00,Weight Recorded,8.6
2025-02-12 12:55:00-05:00,Clean Cycle In Progress,
2025-02-12 12:56:00-05:00,Cycle Interrupted,
2025-02-12 12:58:00-05:00,Clean Cycle Complete,
2025-02-12 23:29:00-05:00,Cat Detected,
2025-02-12 23:30:00-05:00,Weight Recorded,8.2
2025-02-12 23:37:00-05:00,Clean Cycle In Progress,
2025-02-12 23:37:00-05:00,Cycle Interrupted,
2025-02-12 23:38:00-05:00,Cycle Interrupted,
2025-02-12 23:39:00-05:00,Cycle Interrupted,
2025-02-12 23:40:00-05:00,Cycle Interrupted,
2025-02-12 23:42:00-05:00,Clean Cycle Complete,
2025-02-13 00:12:00-05:00,Cat Detected,
2025-02-13 00:14:00-05:00,Weight Recorded,8.7
2025-02-13 00:21:00-05:00,Clean Cycle In Progress,
2025-02-13 00:22:00-05:00,Cycle Interrupted,
2025-02-13 00:23:00-05:00,Cycle Interrupted,
2025-02-13 00:25:00-05:00,Cycle Interrupted,
2025-02-13 00:28:00-05:00,Cycle Interrupted,
2025-02-13 00:28:00-05:00,Clean Cycle Complete,
2025-02-13 00:29:00-05:00,Cat Detected,
2025-02-13 00:36:00-05:00,Clean Cycle In Progress,
2025-02-13 00:38:00-05:00,Clean Cycle Complete,
2025-02-13 06:10:00-05:00,Cat Detected,
2025-02-13 06:10:00-05:00,Weight Recorded,8.6
2025-02-13 06:17:00-05:00,Clean Cycle In Progress,
2025-02-13 06:18:00-05:00,Cycle Interrupted,
2025-02-13 06:20:00-05:00,Cycle Interrupted,
2025-02-13 06:24:00-05:00,Clean Cycle Complete,
2025-02-13 06:57:00-05:00,Weight Recorded,8.0
2025-02-13 07:04:00-05:00,Clean Cycle In Progress,
2025-02-13 07:06:00-05:00,Clean Cycle Complete,
2025-02-13 09:44:00-05:00,Cat Detected,
2025-02-13 09:46:00-05:00,Weight Recorded,8.6
2025-02-13 09:53:00-05:00,Clean Cycle In Progress,
2025-02-13 09:55:00-05:00,Clean Cycle Complete,
2025-02-13 17:51:00-05:00,Cat Detected,
2025-02-13 17:52:00-05:00,Weight Recorded,8.7
2025-02-13 17:59:00-05:00,Clean Cycle In Progress,
2025-02-13 18:01:00-05:00,Clean Cycle Complete,
2025-02-13 19:33:00-05:00,Cat Detected,
2025-02-13 19:36:00-05:00,Weight Recorded,8.9
2025-02-13 19:43:00-05:00,Clean Cycle In Progress,
2025-02-13 19:45:00-05:00,Clean Cycle Complete,
2025-02-14 00:10:00-05:00,Cat Detected,
2025-02-14 00:11:00-05:00,Weight Recorded,8.3
2025-02-14 00:18:00-05:00,Clean Cycle In Progress,
2025-02-14 00:19:00-05:00,Cycle Interrupted,
2025-02-14 00:21:00-05:00,Cycle Interrupted,
2025-02-14 00:22:00-05:00,Cycle Interrupted,
2025-02-14 00:24:00-05:00,Clean Cycle Complete,
2025-02-14 06:04:00-05:00,Weight Recorded,8.6
2025-02-14 06:04:00-05:00,Cat Detected,
2025-02-14 06:11:00-05:00,Clean Cycle In Progress,
2025-02-14 06:13:00-05:00,Clean Cycle Complete,
2025-02-14 06:26:00-05:00,Cat Detected,
2025-02-14 06:29:00-05:00,Weight Recorded,7.7
2025-02-14 06:36:00-05:00,Clean Cycle In Progress,
2025-02-14 06:38:00-05:00,Clean Cycle Complete,
2025-02-14 15:27:00-05:00,Cat Detected,
2025-02-14 15:28:00-05:00,Weight Recorded,7.7
2025-02-14 15:35:00-05:00,Clean Cycle In Progress,
2025-02-14 15:37:00-05:00,Clean Cycle Complete,
2025-02-14 17:45:00-05:00,Cat Detected,
2025-02-14 17:46:00-05:00,Weight Recorded,8.6
2025-02-14 17:50:00-05:00,Weight Recorded,9.0
2025-02-14 17:57:00-05:00,Clean Cycle In Progress,
2025-02-14 17:59:00-05:00,Clean Cycle Complete,
2025-02-15 00:08:00-05:00,Weight Recorded,7.3
2025-02-15 00:08:00-05:00,Cat Detected,
2025-02-15 00:15:00-05:00,Clean Cycle In Progress,
2025-02-15 00:16:00-05:00,Cycle Interrupted,
2025-02-15 00:18:00-05:00,Cycle Interrupted,
2025-02-15 00:21:00-05:00,Clean Cycle Complete,
2025-02-15 05:43:00-05:00,Cat Detected,
2025-02-15 05:43:00-05:00,Weight Recorded,5.9
2025-02-15 05:50:00-05:00,Clean Cycle In Progress,
2025-02-15 05:51:00-05:00,Cycle Interrupted,
2025-02-15 05:52:00-05:00,Cycle Interrupted,
2025-02-15 05:54:00-05:00,Clean Cycle Complete,
2025-02-15 05:55:00-05:00,Cat Detected,
2025-02-15 05:57:00-05:00,Weight Recorded,8.4
2025-02-15 06:04:00-05:00,Clean Cycle In Progress,
2025-02-15 06:06:00-05:00,Clean Cycle Complete,
2025-02-15 08:47:00-05:00,Clean Cycle In Progress,
2025-02-15 08:49:00-05:00,Clean Cycle Complete,
2025-02-15 08:56:00-05:00,Cat Detected,
2025-02-15 08:57:00-05:00,Weight Recorded,8.7
2025-02-15 09:04:00-05:00,Clean Cycle In Progress,
2025-02-15 09:06:00-05:00,Clean Cycle Complete,
2025-02-15 21:59:00-05:00,Cat Detected,
2025-02-15 22:00:00-05:00,Weight Recorded,8.9
2025-02-15 22:07:00-05:00,Clean Cycle In Progress,
2025-02-15 22:08:00-05:00,Cycle Interrupted,
2025-02-15 22:09:00-05:00,Cycle Interrupted,
2025-02-15 22:11:00-05:00,Clean Cycle Complete,
2025-02-15 22:33:00-05:00,Cat Detected,
2025-02-15 22:35:00-05:00,Weight Recorded,8.8
2025-02-15 22:42:00-05:00,Clean Cycle In Progress,
2025-02-15 22:43:00-05:00,Cycle Interrupted,
2025-02-15 22:45:00-05:00,Clean Cycle Complete,
2025-02-16 06:10:00-05:00,Weight Recorded,8.8
2025-02-16 06:10:00-05:00,Cat Detected,
2025-02-16 06:17:00-05:00,Clean Cycle In Progress,
2025-02-16 06:18:00-05:00,Cycle Interrupted,
2025-02-16 06:21:00-05:00,Clean Cycle Complete,
2025-02-16 07:28:00-05:00,Cat Detected,
2025-02-16 07:30:00-05:00,Weight Recorded,8.8
2025-02-16 07:37:00-05:00,Clean Cycle In Progress,
2025-02-16 07:39:00-05:00,Clean Cycle Complete,
2025-02-16 12:22:00-05:00,Cat Detected,
2025-02-16 13:53:00-05:00,Cat Detected,
2025-02-16 13:53:00-05:00,Weight Recorded,8.8
2025-02-16 14:00:00-05:00,Clean Cycle In Progress,
2025-02-16 14:01:00-05:00,Cycle Interrupted,
2025-02-16 14:03:00-05:00,Clean Cycle Complete,
2025-02-16 15:10:00-05:00,Cat Detected,
2025-02-16 15:20:00-05:00,Clean Cycle In Progress,
2025-02-16 15:22:00-05:00,Clean Cycle Complete,
2025-02-16 22:49:00-05:00,Cat Detected,
2025-02-16 22:50:00-05:00,Weight Recorded,8.7
2025-02-16 22:57:00-05:00,Clean Cycle In Progress,
2025-02-16 22:59:00-05:00,Clean Cycle Complete,
2025-02-17 00:24:00-05:00,Cat Detected,
2025-02-17 00:25:00-05:00,Weight Recorded,7.9
2025-02-17 00:29:00-05:00,Weight Recorded,8.7
2025-02-17 00:33:00-05:00,Weight Recorded,8.1
2025-02-17 00:38:00-05:00,Weight Recorded,8.0
2025-02-17 00:45:00-05:00,Clean Cycle In Progress,
2025-02-17 00:47:00-05:00,Clean Cycle Complete,
2025-02-17 06:07:00-05:00,Cat Detected,
2025-02-17 06:08:00-05:00,Weight Recorded,8.6
2025-02-17 06:15:00-05:00,Clean Cycle In Progress,
2025-02-17 06:17:00-05:00,Clean Cycle Complete,
2025-02-17 11:09:00-05:00,Cat Detected,
2025-02-17 11:11:00-05:00,Weight Recorded,8.9
2025-02-17 11:18:00-05:00,Clean Cycle In Progress,
2025-02-17 11:20:00-05:00,Clean Cycle Complete,
2025-02-17 11:42:00-05:00,Cat Detected,
2025-02-17 11:43:00-05:00,Weight Recorded,8.6
2025-02-17 11:50:00-05:00,Clean Cycle In Progress,
2025-02-17 11:51:00-05:00,Cycle Interrupted,
2025-02-17 11:53:00-05:00,Clean Cycle Complete,
2025-02-17 19:24:00-05:00,Cat Detected,
2025-02-17 19:25:00-05:00,Weight Recorded,8.9
2025-02-17 19:32:00-05:00,Clean Cycle In Progress,
2025-02-17 19:34:00-05:00,Clean Cycle Complete,
2025-02-18 00:13:00-05:00,Cat Detected,
2025-02-18 00:14:00-05:00,Weight Recorded,8.9
2025-02-18 00:21:00-05:00,Clean Cycle In Progress,
2025-02-18 00:22:00-05:00,Cycle Interrupted,
2025-02-18 00:23:00-05:00,Cycle Interrupted,
2025-02-18 00:24:00-05:00,Cycle Interrupted,
2025-02-18 00:27:00-05:00,Clean Cycle Complete,
2025-02-18 06:07:00-05:00,Cat Detected,
2025-02-18 06:09:00-05:00,Weight Recorded,9.0
2025-02-18 06:16:00-05:00,Clean Cycle In Progress,
2025-02-18 06:18:00-05:00,Clean Cycle Complete,
2025-02-18 09:07:00-05:00,Cat Detected,
2025-02-18 09:08:00-05:00,Weight Recorded,9.0
2025-02-18 09:15:00-05:00,Clean Cycle In Progress,
2025-02-18 09:16:00-05:00,Cycle Interrupted,
2025-02-18 09:17:00-05:00,Cycle Interrupted,
2025-02-18 09:19:00-05:00,Clean Cycle Complete,
2025-02-18 12:20:00-05:00,Cat Detected,
2025-02-18 12:21:00-05:00,Weight Recorded,8.9
2025-02-18 12:28:00-05:00,Clean Cycle In Progress,
2025-02-18 12:28:00-05:00,Cycle Interrupted,
2025-02-18 12:29:00-05:00,Cycle Interrupted,
2025-02-18 12:31:00-05:00,Clean Cycle Complete,
2025-02-18 14:19:00-05:00,Cat Detected,
2025-02-18 21:35:00-05:00,Cat Detected,
2025-02-18 21:36:00-05:00,Weight Recorded,9.0
2025-02-18 21:43:00-05:00,Clean Cycle In Progress,
2025-02-18 21:43:00-05:00,Cycle Interrupted,
2025-02-18 21:44:00-05:00,Cycle Interrupted,
2025-02-18 21:49:00-05:00,Cycle Interrupted,
2025-02-18 21:50:00-05:00,Cycle Interrupted,
2025-02-18 21:52:00-05:00,Cycle Interrupted,
2025-02-18 21:55:00-05:00,Clean Cycle Complete,
2025-02-19 00:08:00-05:00,Cat Detected,
2025-02-19 00:10:00-05:00,Weight Recorded,8.9
2025-02-19 00:17:00-05:00,Clean Cycle In Progress,
2025-02-19 00:18:00-05:00,Cycle Interrupted,
2025-02-19 00:19:00-05:00,Cycle Interrupted,
2025-02-19 00:20:00-05:00,Cycle Interrupted,
2025-02-19 00:21:00-05:00,Clean Cycle Complete,
2025-02-19 06:11:00-05:00,Weight Recorded,8.8
2025-02-19 06:11:00-05:00,Cat Detected,
2025-02-19 06:19:00-05:00,Clean Cycle In Progress,
2025-02-19 06:21:00-05:00,Cycle Interrupted,
2025-02-19 06:23:00-05:00,Clean Cycle Complete,
2025-02-19 10:09:00-05:00,Cat Detected,
2025-02-19 10:10:00-05:00,Weight Recorded,8.9
2025-02-19 10:17:00-05:00,Clean Cycle In Progress,
2025-02-19 10:17:00-05:00,Cycle Interrupted,
2025-02-19 10:19:00-05:00,Cycle Interrupted,
2025-02-19 10:21:00-05:00,Clean Cycle Complete,
2025-02-19 19:20:00-05:00,Cat Detected,
2025-02-19 19:21:00-05:00,Weight Recorded,9.1
2025-02-19 19:28:00-05:00,Clean Cycle In Progress,
2025-02-19 19:29:00-05:00,Cycle Interrupted,
2025-02-19 19:31:00-05:00,Clean Cycle Complete,
2025-02-19 20:25:00-05:00,Cat Detected,
2025-02-19 20:27:00-05:00,Weight Recorded,9.0
2025-02-19 20:34:00-05:00,Clean Cycle In Progress,
2025-02-19 20:36:00-05:00,Clean Cycle Complete,
2025-02-19 21:21:00-05:00,Cat Detected,
2025-02-19 21:22:00-05:00,Weight Recorded,8.9
2025-02-19 21:29:00-05:00,Clean Cycle In Progress,
2025-02-19 21:30:00-05:00,Cycle Interrupted,
2025-02-19 21:32:00-05:00,Clean Cycle Complete,
2025-02-20 05:43:00-05:00,Cat Detected,
2025-02-20 05:44:00-05:00,Weight Recorded,8.9
2025-02-20 05:51:00-05:00,Clean Cycle In Progress,
2025-02-20 05:53:00-05:00,Clean Cycle Complete,
2025-02-20 11:21:00-05:00,Cat Detected,
2025-02-20 11:22:00-05:00,Weight Recorded,9.0
2025-02-20 11:29:00-05:00,Clean Cycle In Progress,
2025-02-20 11:30:00-05:00,Cycle Interrupted,
2025-02-20 11:31:00-05:00,Cycle Interrupted,
2025-02-20 11:34:00-05:00,Clean Cycle Complete,
2025-02-20 14:59:00-05:00,Cat Detected,
2025-02-20 15:00:00-05:00,Weight Recorded,8.9
2025-02-20 15:07:00-05:00,Cycle Interrupted,
2025-02-20 15:07:00-05:00,Clean Cycle In Progress,
2025-02-20 15:09:00-05:00,Cycle Interrupted,
2025-02-20 15:11:00-05:00,Clean Cycle Complete,
2025-02-20 19:13:00-05:00,Cat Detected,
2025-02-20 19:14:00-05:00,Weight Recorded,9.0
2025-02-20 19:21:00-05:00,Clean Cycle In Progress,
2025-02-20 19:23:00-05:00,Clean Cycle Complete,
2025-02-20 21:27:00-05:00,Cat Detected,
2025-02-20 21:28:00-05:00,Weight Recorded,8.8
2025-02-20 22:04:00-05:00,Cat Detected,
2025-02-20 22:05:00-05:00,Weight Recorded,9.0
2025-02-20 22:12:00-05:00,Clean Cycle In Progress,
2025-02-20 22:14:00-05:00,Clean Cycle Complete,
2025-02-21 06:16:00-05:00,Cat Detected,
2025-02-21 06:17:00-05:00,Weight Recorded,8.9
2025-02-21 06:24:00-05:00,Clean Cycle In Progress,
2025-02-21 06:25:00-05:00,Cycle Interrupted,
2025-02-21 06:27:00-05:00,Clean Cycle Complete,
2025-02-21 08:45:00-05:00,Cat Detected,
2025-02-21 08:46:00-05:00,Weight Recorded,9.0
2025-02-21 08:53:00-05:00,Clean Cycle In Progress,
2025-02-21 08:55:00-05:00,Clean Cycle Complete,
2025-02-21 10:07:00-05:00,Weight Recorded,8.9
2025-02-21 10:07:00-05:00,Cat Detected,
2025-02-21 10:14:00-05:00,Clean Cycle In Progress,
2025-02-21 10:15:00-05:00,Cycle Interrupted,
2025-02-21 10:17:00-05:00,Cycle Interrupted,
2025-02-21 10:19:00-05:00,Clean Cycle Complete,
2025-02-21 18:55:00-05:00,Cat Detected,
2025-02-21 18:56:00-05:00,Weight Recorded,9.1
2025-02-21 21:25:00-05:00,Cat Detected,
2025-02-21 21:26:00-05:00,Weight Recorded,9.0
2025-02-21 21:33:00-05:00,Clean Cycle In Progress,
2025-02-21 21:34:00-05:00,Cycle Interrupted,
2025-02-21 21:36:00-05:00,Clean Cycle Complete,
2025-02-21 22:46:00-05:00,Cat Detected,
2025-02-21 22:48:00-05:00,Weight Recorded,8.9
2025-02-21 22:55:00-05:00,Clean Cycle In Progress,
2025-02-21 22:56:00-05:00,Cycle Interrupted,
2025-02-21 22:57:00-05:00,Cycle Interrupted,
2025-02-21 22:59:00-05:00,Clean Cycle Complete,
2025-02-22 06:21:00-05:00,Cat Detected,
2025-02-22 06:22:00-05:00,Weight Recorded,8.8
2025-02-22 06:29:00-05:00,Clean Cycle In Progress,
2025-02-22 06:30:00-05:00,Cycle Interrupted,
2025-02-22 06:33:00-05:00,Cycle Interrupted,
2025-02-22 06:33:00-05:00,Clean Cycle Complete,
2025-02-22 22:02:00-05:00,Cat Detected,
2025-02-22 22:04:00-05:00,Weight Recorded,9.0
2025-02-22 22:11:00-05:00,Clean Cycle In Progress,
2025-02-22 22:13:00-05:00,Clean Cycle Complete,
2025-02-22 22:14:00-05:00,Cat Detected,
2025-02-22 22:16:00-05:00,Weight Recorded,9.0
2025-02-22 22:23:00-05:00,Clean Cycle In Progress,
2025-02-22 22:24:00-05:00,Cycle Interrupted,
2025-02-22 22:27:00-05:00,Clean Cycle Complete,
2025-02-23 06:04:00-05:00,Cat Detected,
2025-02-23 06:04:00-05:00,Cat Detected,
2025-02-23 06:05:00-05:00,Weight Recorded,8.9
2025-02-23 06:05:00-05:00,Weight Recorded,8.9
2025-02-23 06:12:00-05:00,Clean Cycle In Progress,
2025-02-23 06:12:00-05:00,Clean Cycle In Progress,
2025-02-23 06:13:00-05:00,Cycle Interrupted,
2025-02-23 06:13:00-05:00,Cycle Interrupted,
2025-02-23 06:15:00-05:00,Cycle Interrupted,
2025-02-23 06:15:00-05:00,Cycle Interrupted,
2025-02-23 06:16:00-05:00,Cycle Interrupted,
2025-02-23 06:16:00-05:00,Cycle Interrupted,
2025-02-23 06:17:00-05:00,Cycle Interrupted,
2025-02-23 06:17:00-05:00,Cycle Interrupted,
2025-02-23 06:18:00-05:00,Cycle Interrupted,
2025-02-23 06:18:00-05:00,Cycle Interrupted,
2025-02-23 06:25:00-05:00,Clean Cycle Complete,
2025-02-23 06:25:00-05:00,Clean Cycle Complete,
2025-02-23 08:21:00-05:00,Weight Recorded,8.7
2025-02-23 08:21:00-05:00,Cat Detected,
2025-02-23 08:21:00-05:00,Weight Recorded,8.7
2025-02-23 08:21:00-05:00,Cat Detected,
2025-02-23 08:28:00-05:00,Clean Cycle In Progress,
2025-02-23 08:28:00-05:00,Clean Cycle In Progress,
2025-02-23 08:31:00-05:00,Clean Cycle Complete,
2025-02-23 08:31:00-05:00,Clean Cycle Complete,
2025-02-23 18:36:00-05:00,Cat Detected,
2025-02-23 18:37:00-05:00,Weight Recorded,8.9
2025-02-23 18:40:00-05:00,Weight Recorded,8.9
2025-02-23 18:47:00-05:00,Clean Cycle In Progress,
2025-02-23 18:48:00-05:00,Cycle Interrupted,
2025-02-23 18:51:00-05:00,Clean Cycle Complete,
2025-02-24 18:43:00-05:00,Clean Cycle In Progress,
2025-02-24 18:45:00-05:00,Clean Cycle Complete,
2025-02-24 21:46:00-05:00,Cat Detected,
2025-02-24 21:47:00-05:00,Weight Recorded,9.0
2025-02-24 21:54:00-05:00,Clean Cycle In Progress,
2025-02-24 21:55:00-05:00,Cycle Interrupted,
2025-02-24 21:57:00-05:00,Clean Cycle Complete,
2025-02-25 04:01:00-05:00,Cat Detected,
2025-02-25 04:02:00-05:00,Weight Recorded,8.9
2025-02-25 04:09:00-05:00,Clean Cycle In Progress,
2025-02-25 04:10:00-05:00,Cycle Interrupted,
2025-02-25 04:13:00-05:00,Cycle Interrupted,
2025-02-25 04:16:00-05:00,Clean Cycle Complete,
2025-02-25 10:02:00-05:00,Cat Detected,
2025-02-25 10:03:00-05:00,Weight Recorded,9.0
2025-02-25 10:10:00-05:00,Clean Cycle In Progress,
2025-02-25 10:12:00-05:00,Clean Cycle Complete,
2025-02-25 16:14:00-05:00,Cat Detected,
2025-02-25 16:15:00-05:00,Weight Recorded,8.9
2025-02-25 16:22:00-05:00,Clean Cycle In Progress,
2025-02-25 16:22:00-05:00,Cycle Interrupted,
2025-02-25 16:24:00-05:00,Cycle Interrupted,
2025-02-25 16:27:00-05:00,Clean Cycle Complete,
2025-02-26 00:17:00-05:00,Cat Detected,
2025-02-26 00:19:00-05:00,Weight Recorded,9.0
2025-02-26 00:26:00-05:00,Clean Cycle In Progress,
2025-02-26 00:28:00-05:00,Clean Cycle Complete,
2025-02-26 00:39:00-05:00,Cat Detected,
2025-02-26 00:41:00-05:00,Weight Recorded,8.9
2025-02-26 00:48:00-05:00,Clean Cycle In Progress,
2025-02-26 00:49:00-05:00,Cycle Interrupted,
2025-02-26 00:52:00-05:00,Clean Cycle Complete,
2025-02-26 10:02:00-05:00,Cat Detected,
2025-02-26 10:03:00-05:00,Weight Recorded,9.0
2025-02-26 10:10:00-05:00,Clean Cycle In Progress,
2025-02-26 10:11:00-05:00,Cycle Interrupted,
2025-02-26 10:12:00-05:00,Cycle Interrupted,
2025-02-26 10:14:00-05:00,Clean Cycle Complete,
2025-02-26 18:57:00-05:00,Cat Detected,
2025-02-26 18:58:00-05:00,Weight Recorded,9.0
2025-02-26 19:05:00-05:00,Clean Cycle In Progress,
2025-02-26 19:05:00-05:00,Cycle Interrupted,
2025-02-26 19:07:00-05:00,Cycle Interrupted,
2025-02-26 19:09:00-05:00,Clean Cycle Complete,
2025-02-26 21:16:00-05:00,Cat Detected,
2025-02-26 21:17:00-05:00,Weight Recorded,9.0
2025-02-26 21:18:00-05:00,Weight Recorded,8.8
2025-02-26 21:25:00-05:00,Clean Cycle In Progress,
2025-02-26 21:25:00-05:00,Cycle Interrupted,
2025-02-26 21:26:00-05:00,Cycle Interrupted,
2025-02-26 21:28:00-05:00,Cycle Interrupted,
2025-02-26 21:30:00-05:00,Cycle Interrupted,
2025-02-26 21:31:00-05:00,Clean Cycle Complete,
2025-02-27 01:08:00-05:00,Cat Detected,
2025-02-27 01:15:00-05:00,Clean Cycle In Progress,
2025-02-27 01:17:00-05:00,Clean Cycle Complete,
2025-02-27 03:46:00-05:00,Cat Detected,
2025-02-27 03:53:00-05:00,Clean Cycle In Progress,
2025-02-27 03:54:00-05:00,Cycle Interrupted,
2025-02-27 03:56:00-05:00,Cycle Interrupted,
2025-02-27 03:57:00-05:00,Cycle Interrupted,
2025-02-27 03:58:00-05:00,Cycle Interrupted,
2025-02-27 03:59:00-05:00,Clean Cycle Complete,
2025-02-27 03:59:00-05:00,Cycle Interrupted,
2025-02-27 04:02:00-05:00,Cat Detected,
2025-02-27 04:03:00-05:00,Weight Recorded,8.9
2025-02-27 04:05:00-05:00,Weight Recorded,8.8
2025-02-27 04:12:00-05:00,Clean Cycle In Progress,
2025-02-27 04:12:00-05:00,Cycle Interrupted,
2025-02-27 04:13:00-05:00,Cycle Interrupted,
2025-02-27 04:15:00-05:00,Cycle Interrupted,
2025-02-27 04:17:00-05:00,Clean Cycle Complete,
2025-02-27 05:51:00-05:00,Cat Detected,
2025-02-27 05:52:00-05:00,Weight Recorded,8.9
2025-02-27 05:59:00-05:00,Clean Cycle In Progress,
2025-02-27 05:59:00-05:00,Cycle Interrupted,
2025-02-27 06:01:00-05:00,Clean Cycle Complete,
2025-02-27 19:30:00-05:00,Cat Detected,
2025-02-27 19:31:00-05:00,Weight Recorded,9.2
2025-02-27 19:38:00-05:00,Clean Cycle In Progress,
2025-02-27 19:40:00-05:00,Clean Cycle Complete,
2025-02-27 21:47:00-05:00,Cat Detected,
2025-02-27 21:49:00-05:00,Weight Recorded,9.1
2025-02-27 21:56:00-05:00,Clean Cycle In Progress,
2025-02-27 21:57:00-05:00,Cycle Interrupted,
2025-02-27 22:00:00-05:00,Clean Cycle Complete,
2025-02-28 00:29:00-05:00,Cat Detected,
2025-02-28 00:29:00-05:00,Weight Recorded,9.0
2025-02-28 00:36:00-05:00,Clean Cycle In Progress,
2025-02-28 00:39:00-05:00,Clean Cycle Complete,
2025-02-28 06:14:00-05:00,Cat Detected,
2025-02-28 06:21:00-05:00,Clean Cycle In Progress,
2025-02-28 06:22:00-05:00,Cycle Interrupted,
2025-02-28 06:25:00-05:00,Clean Cycle Complete,
2025-02-28 09:35:00-05:00,Cat Detected,
2025-02-28 09:35:00-05:00,Weight Recorded,9.0
2025-02-28 09:42:00-05:00,Clean Cycle In Progress,
2025-02-28 09:44:00-05:00,Clean Cycle Complete,
2025-02-28 18:14:00-05:00,Cat Detected,
2025-02-28 18:15:00-05:00,Weight Recorded,9.0
2025-02-28 18:22:00-05:00,Clean Cycle In Progress,
2025-02-28 18:24:00-05:00,Clean Cycle Complete,
2025-02-28 18:48:00-05:00,Cat Detected,
2025-02-28 18:50:00-05:00,Weight Recorded,9.0
2025-02-28 18:57:00-05:00,Clean Cycle In Progress,
2025-02-28 18:59:00-05:00,Clean Cycle Complete,
2025-02-28 22:18:00-05:00,Cat Detected,
2025-02-28 22:25:00-05:00,Clean Cycle In Progress,
2025-02-28 22:27:00-05:00,Clean Cycle Complete,
2025-03-01 00:13:00-05:00,Cat Detected,
2025-03-01 00:20:00-05:00,Clean Cycle In Progress,
2025-03-01 00:22:00-05:00,Clean Cycle Complete,
2025-03-01 06:11:00-05:00,Cat Detected,
2025-03-01 06:12:00-05:00,Weight Recorded,8.9
2025-03-01 06:19:00-05:00,Clean Cycle In Progress,
2025-03-01 06:20:00-05:00,Cycle Interrupted,
2025-03-01 06:23:00-05:00,Cycle Interrupted,
2025-03-01 06:24:00-05:00,Clean Cycle Complete,
2025-03-01 11:45:00-05:00,Cat Detected,
2025-03-01 11:46:00-05:00,Weight Recorded,8.9
2025-03-01 11:53:00-05:00,Clean Cycle In Progress,
2025-03-01 11:55:00-05:00,Clean Cycle Complete,
2025-03-01 22:30:00-05:00,Cat Detected,
2025-03-01 22:31:00-05:00,Weight Recorded,8.9
2025-03-01 22:38:00-05:00,Clean Cycle In Progress,
2025-03-01 22:40:00-05:00,Clean Cycle Complete,
2025-03-02 07:49:00-05:00,Cat Detected,
2025-03-02 07:50:00-05:00,Weight Recorded,9.0
2025-03-02 07:54:00-05:00,Weight Recorded,8.9
2025-03-02 08:01:00-05:00,Clean Cycle In Progress,
2025-03-02 08:02:00-05:00,Cycle Interrupted,
2025-03-02 08:04:00-05:00,Clean Cycle Complete,
2025-03-02 17:48:00-05:00,Cat Detected,
2025-03-02 17:49:00-05:00,Weight Recorded,8.9
2025-03-02 17:56:00-05:00,Clean Cycle In Progress,
2025-03-02 17:57:00-05:00,Cycle Interrupted,
2025-03-02 17:59:00-05:00,Clean Cycle Complete,
2025-03-03 00:17:00-05:00,Cat Detected,
2025-03-03 00:18:00-05:00,Weight Recorded,8.9
2025-03-03 00:25:00-05:00,Clean Cycle In Progress,
2025-03-03 00:27:00-05:00,Clean Cycle Complete,
2025-03-03 06:18:00-05:00,Cat Detected,
2025-03-03 06:20:00-05:00,Weight Recorded,9.0
2025-03-03 06:27:00-05:00,Clean Cycle In Progress,
2025-03-03 06:28:00-05:00,Cycle Interrupted,
2025-03-03 06:29:00-05:00,Cycle Interrupted,
2025-03-03 06:31:00-05:00,Cycle Interrupted,
2025-03-03 06:33:00-05:00,Clean Cycle Complete,
2025-03-03 08:29:00-05:00,Cat Detected,
2025-03-03 08:30:00-05:00,Weight Recorded,9.0
2025-03-03 08:37:00-05:00,Clean Cycle In Progress,
2025-03-03 08:38:00-05:00,Cycle Interrupted,
2025-03-03 08:39:00-05:00,Cycle Interrupted,
2025-03-03 08:41:00-05:00,Clean Cycle Complete,
2025-03-03 18:56:00-05:00,Weight Recorded,8.8
2025-03-03 18:56:00-05:00,Cat Detected,
2025-03-03 19:03:00-05:00,Clean Cycle In Progress,
2025-03-03 19:04:00-05:00,Cycle Interrupted,
2025-03-03 19:06:00-05:00,Clean Cycle Complete,
2025-03-04 00:10:00-05:00,Cat Detected,
2025-03-04 00:12:00-05:00,Weight Recorded,9.0
2025-03-04 00:19:00-05:00,Clean Cycle In Progress,
2025-03-04 00:20:00-05:00,Cycle Interrupted,
2025-03-04 00:21:00-05:00,Cycle Interrupted,
2025-03-04 00:22:00-05:00,Cycle Interrupted,
2025-03-04 00:24:00-05:00,Cycle Interrupted,
2025-03-04 00:25:00-05:00,Cycle Interrupted,
2025-03-04 00:27:00-05:00,Clean Cycle Complete,
2025-03-04 06:12:00-05:00,Cat Detected,
2025-03-04 06:13:00-05:00,Weight Recorded,8.7
2025-03-04 06:20:00-05:00,Cycle Interrupted,
2025-03-04 06:20:00-05:00,Clean Cycle In Progress,
2025-03-04 06:21:00-05:00,Cycle Interrupted,
2025-03-04 06:22:00-05:00,Cycle Interrupted,
2025-03-04 06:25:00-05:00,Clean Cycle Complete,
2025-03-04 11:29:00-05:00,Cat Detected,
2025-03-04 11:30:00-05:00,Weight Recorded,9.0
2025-03-04 11:36:00-05:00,Clean Cycle In Progress,
2025-03-04 11:37:00-05:00,Cycle Interrupted,
2025-03-04 11:39:00-05:00,Clean Cycle Complete,
2025-03-04 19:46:00-05:00,Cat Detected,
2025-03-04 19:47:00-05:00,Weight Recorded,9.0
2025-03-04 19:54:00-05:00,Clean Cycle In Progress,
2025-03-04 19:56:00-05:00,Clean Cycle Complete,
2025-03-05 00:05:00-05:00,Cat Detected,
2025-03-05 00:07:00-05:00,Weight Recorded,9.1
2025-03-05 00:14:00-05:00,Clean Cycle In Progress,
2025-03-05 00:15:00-05:00,Cycle Interrupted,
2025-03-05 00:18:00-05:00,Clean Cycle Complete,
2025-03-05 06:15:00-05:00,Cat Detected,
2025-03-05 06:16:00-05:00,Weight Recorded,8.9
2025-03-05 06:23:00-05:00,Clean Cycle In Progress,
2025-03-05 06:25:00-05:00,Clean Cycle Complete,
2025-03-05 13:14:00-05:00,Cat Detected,
2025-03-05 13:15:00-05:00,Weight Recorded,8.9
2025-03-05 13:22:00-05:00,Clean Cycle In Progress,
2025-03-05 13:22:00-05:00,Cycle Interrupted,
2025-03-05 13:23:00-05:00,Cycle Interrupted,
2025-03-05 13:25:00-05:00,Clean Cycle Complete,
2025-03-05 19:34:00-05:00,Cat Detected,
2025-03-05 19:37:00-05:00,Weight Recorded,9.0
2025-03-05 19:38:00-05:00,Weight Recorded,5.0
2025-03-05 19:45:00-05:00,Clean Cycle In Progress,
2025-03-05 19:46:00-05:00,Cycle Interrupted,
2025-03-05 19:49:00-05:00,Clean Cycle Complete,
2025-03-06 00:12:00-05:00,Cat Detected,
2025-03-06 00:13:00-05:00,Weight Recorded,9.0
2025-03-06 00:20:00-05:00,Clean Cycle In Progress,
2025-03-06 00:21:00-05:00,Cycle Interrupted,
2025-03-06 00:24:00-05:00,Clean Cycle Complete,
2025-03-06 07:38:00-05:00,Cat Detected,
2025-03-06 07:39:00-05:00,Weight Recorded,8.9
2025-03-06 07:46:00-05:00,Clean Cycle In Progress,
2025-03-06 07:48:00-05:00,Clean Cycle Complete,
2025-03-06 13:10:00-05:00,Cat Detected,
2025-03-06 13:11:00-05:00,Weight Recorded,9.0
2025-03-06 13:18:00-05:00,Clean Cycle In Progress,
2025-03-06 13:20:00-05:00,Clean Cycle Complete,
2025-03-06 18:06:00-05:00,Cat Detected,
2025-03-06 18:08:00-05:00,Weight Recorded,9.0
2025-03-06 18:15:00-05:00,Clean Cycle In Progress,
2025-03-06 18:16:00-05:00,Cycle Interrupted,
2025-03-06 18:19:00-05:00,Clean Cycle Complete,
2025-03-07 00:20:00-05:00,Cat Detected,
2025-03-07 00:21:00-05:00,Weight Recorded,8.9
2025-03-07 00:28:00-05:00,Clean Cycle In Progress,
2025-03-07 00:29:00-05:00,Cycle Interrupted,
2025-03-07 00:30:00-05:00,Cycle Interrupted,
2025-03-07 00:31:00-05:00,Cycle Interrupted,
2025-03-07 00:34:00-05:00,Cycle Interrupted,
2025-03-07 00:35:00-05:00,Clean Cycle Complete,
2025-03-07 07:47:00-05:00,Cat Detected,
2025-03-07 07:49:00-05:00,Weight Recorded,9.0
2025-03-07 07:56:00-05:00,Clean Cycle In Progress,
2025-03-07 07:56:00-05:00,Cycle Interrupted,
2025-03-07 08:00:00-05:00,Clean Cycle Complete,
2025-03-07 23:08:00-05:00,Cat Detected,
2025-03-07 23:09:00-05:00,Weight Recorded,9.0
2025-03-07 23:16:00-05:00,Clean Cycle In Progress,
2025-03-07 23:17:00-05:00,Cycle Interrupted,
2025-03-07 23:20:00-05:00,Clean Cycle Complete,
2025-03-08 04:58:00-05:00,Cat Detected,
2025-03-08 05:00:00-05:00,Weight Recorded,8.9
2025-03-08 05:06:00-05:00,Clean Cycle In Progress,
2025-03-08 05:07:00-05:00,Cycle Interrupted,
2025-03-08 05:09:00-05:00,Cycle Interrupted,
2025-03-08 05:10:00-05:00,Clean Cycle Complete,
2025-03-08 06:18:00-05:00,Cat Detected,
2025-03-08 06:21:00-05:00,Weight Recorded,8.9
2025-03-08 06:28:00-05:00,Clean Cycle In Progress,
2025-03-08 06:28:00-05:00,Cycle Interrupted,
2025-03-08 06:29:00-05:00,Cycle Interrupted,
2025-03-08 06:31:00-05:00,Cycle Interrupted,
2025-03-08 06:33:00-05:00,Cycle Interrupted,
2025-03-08 06:35:00-05:00,Cycle Interrupted,
2025-03-08 06:37:00-05:00,Cycle Interrupted,
2025-03-08 06:38:00-05:00,Cycle Interrupted,
2025-03-08 06:39:00-05:00,Cycle Interrupted,
2025-03-08 06:40:00-05:00,Cycle Interrupted,
2025-03-08 06:41:00-05:00,Clean Cycle Complete,
2025-03-08 09:44:00-05:00,Cat Detected,
2025-03-08 09:45:00-05:00,Weight Recorded,9.0
2025-03-08 09:52:00-05:00,Clean Cycle In Progress,
2025-03-08 09:54:00-05:00,Clean Cycle Complete,
2025-03-08 13:14:00-05:00,Cat Detected,
2025-03-08 13:15:00-05:00,Weight Recorded,9.0
2025-03-08 13:22:00-05:00,Clean Cycle In Progress,
2025-03-08 13:24:00-05:00,Clean Cycle Complete,
2025-03-08 23:37:00-05:00,Cat Detected,
2025-03-08 23:38:00-05:00,Weight Recorded,9.0
2025-03-08 23:45:00-05:00,Clean Cycle In Progress,
2025-03-08 23:45:00-05:00,Cycle Interrupted,
2025-03-08 23:47:00-05:00,Cycle Interrupted,
2025-03-08 23:48:00-05:00,Cycle Interrupted,
2025-03-08 23:50:00-05:00,Cycle Interrupted,
2025-03-08 23:53:00-05:00,Clean Cycle Complete,
2025-03-09 06:23:15-04:00,Cat Detected,
2025-03-09 06:25:10-04:00,Weight Recorded,9.0
2025-03-09 06:32:09-04:00,odometerCleanCycles,
2025-03-09 06:32:09-04:00,Clean Cycle In Progress,
2025-03-09 06:32:40-04:00,Cycle Interrupted,
2025-03-09 06:34:56-04:00,Cycle Interrupted,
2025-03-09 06:36:06-04:00,Cycle Interrupted,
2025-03-09 06:40:15-04:00,Cycle Interrupted,
2025-03-09 06:40:59-04:00,Cycle Interrupted,
2025-03-09 06:42:46-04:00,Clean Cycle Complete,
2025-03-09 08:41:31-04:00,Cat Detected,
2025-03-09 08:42:04-04:00,Weight Recorded,8.91
2025-03-09 08:49:03-04:00,Clean Cycle In Progress,
2025-03-09 08:49:03-04:00,odometerCleanCycles,
2025-03-09 08:51:12-04:00,Clean Cycle Complete,
2025-03-09 06:23:15-04:00,Cat Detected,
2025-03-09 06:25:10-04:00,Weight Recorded,9.0
2025-03-09 06:32:09-04:00,Clean Cycle In Progress,
2025-03-09 06:32:09-04:00,odometerCleanCycles,
2025-03-09 06:32:40-04:00,Cycle Interrupted,
2025-03-09 06:34:56-04:00,Cycle Interrupted,
2025-03-09 06:36:06-04:00,Cycle Interrupted,
2025-03-09 06:40:15-04:00,Cycle Interrupted,
2025-03-09 06:40:59-04:00,Cycle Interrupted,
2025-03-09 06:42:46-04:00,Clean Cycle Complete,
2025-03-09 08:41:31-04:00,Cat Detected,
2025-03-09 08:42:04-04:00,Weight Recorded,8.91
2025-03-09 08:49:03-04:00,Clean Cycle In Progress,
2025-03-09 08:49:03-04:00,odometerCleanCycles,
2025-03-09 08:51:12-04:00,Clean Cycle Complete,
